epoch,time,train/box_loss,train/cls_loss,train/dfl_loss,metrics/precision(B),metrics/recall(B),metrics/mAP50(B),metrics/mAP50-95(B),metrics/e2e_precision(B),metrics/e2e_recall(B),metrics/e2e_mAP50(B),metrics/e2e_mAP50-95(B),fitness_e2e,val/box_loss,val/cls_loss,val/dfl_loss,lr/pg0,lr/pg1,lr/pg2,lr/pg3,lr/pg4,lr/pg5,lr/pg6,lr/pg7
1,6.24462,2.74632,5.94533,0.48616,0,0,0,0,0,0,0,0,0,3.43044,6.17468,0.24723,0.0162,0.0054,0.0162,0.0054,0.0162,0.0054,0.0162,0.0054
2,10.6862,2.73358,6.66539,0.43461,0,0,0,0,0,0,0,0,0,3.43657,6.18498,0.24713,0.0161578,0.00538594,0.0161578,0.00538594,0.0161578,0.00538594,0.0161578,0.00538594
3,14.1491,2.77753,6.59914,0.40333,0,0,0,0,0,0,0,0,0,3.44324,6.19265,0.24708,0.0160318,0.00534392,0.0160318,0.00534392,0.0160318,0.00534392,0.0160318,0.00534392
4,17.5648,3.13992,6.58068,0.34084,0,0,0,0,0,0,0,0,0,3.44946,6.19557,0.24698,0.0158232,0.00527439,0.0158232,0.00527439,0.0158232,0.00527439,0.0158232,0.00527439
5,20.9486,2.91737,6.42784,0.28889,0,0,0,0,0,0,0,0,0,3.45545,6.19753,0.24683,0.0155344,0.00517813,0.0155344,0.00517813,0.0155344,0.00517813,0.0155344,0.00517813
6,24.1689,3.35779,6.42498,0.42976,0,0,0,0,0,0,0,0,0,3.46169,6.19737,0.24673,0.0151685,0.00505617,0.0151685,0.00505617,0.0151685,0.00505617,0.0151685,0.00505617
7,27.3916,2.71571,6.30986,0.49338,0,0,0,0,0,0,0,0,0,3.46811,6.19905,0.24666,0.0147296,0.00490987,0.0147296,0.00490987,0.0147296,0.00490987,0.0147296,0.00490987
8,30.6263,3.4689,6.61157,0.39143,0,0,0,0,0,0,0,0,0,3.47412,6.19817,0.24661,0.0142225,0.00474082,0.0142225,0.00474082,0.0142225,0.00474082,0.0142225,0.00474082
9,33.749,2.72723,6.48777,0.4499,0,0,0,0,0,0,0,0,0,3.47998,6.19811,0.24658,0.0136526,0.00455087,0.0136526,0.00455087,0.0136526,0.00455087,0.0136526,0.00455087
10,36.9756,2.93157,6.1935,0.37203,0,0,0,0,0,0,0,0,0,3.48519,6.19733,0.24651,0.0130263,0.00434211,0.0130263,0.00434211,0.0130263,0.00434211,0.0130263,0.00434211
11,40.2526,3.02072,6.02827,0.3404,0,0,0,0,0,0,0,0,0,3.49026,6.19733,0.24641,0.0123505,0.00411683,0.0123505,0.00411683,0.0123505,0.00411683,0.0123505,0.00411683
12,43.4874,3.12215,6.33228,0.43212,0,0,0,0,0,0,0,0,0,3.49544,6.19774,0.24633,0.0116324,0.00387748,0.0116324,0.00387748,0.0116324,0.00387748,0.0116324,0.00387748
13,46.82,2.74996,5.86304,0.32717,0,0,0,0,0,0,0,0,0,3.50047,6.19801,0.24623,0.0108801,0.0036267,0.0108801,0.0036267,0.0108801,0.0036267,0.0108801,0.0036267
14,50.5362,3.4898,6.39846,0.37681,0,0,0,0,0,0,0,0,0,3.50543,6.19854,0.24613,0.0101017,0.00336722,0.0101017,0.00336722,0.0101017,0.00336722,0.0101017,0.00336722
15,54.7441,3.36157,6.41933,0.4576,0,0,0,0,0,0,0,0,0,3.51052,6.19857,0.24606,0.00930572,0.00310191,0.00930572,0.00310191,0.00930572,0.00310191,0.00930572,0.00310191
16,59.1284,2.66686,5.64367,0.45714,0,0,0,0,0,0,0,0,0,3.51439,6.19922,0.24593,0.00850095,0.00283365,0.00850095,0.00283365,0.00850095,0.00283365,0.00850095,0.00283365
17,63.6277,3.03994,6.65385,0.39173,0,0,0,0,0,0,0,0,0,3.66385,6.17308,0.24882,0.00769618,0.00256539,0.00769618,0.00256539,0.00769618,0.00256539,0.00769618,0.00256539
18,68.0491,3.34773,6.2394,0.40281,0,0,0,0,0,0,0,0,0,3.66813,6.1744,0.24872,0.00690023,0.00230008,0.00690023,0.00230008,0.00690023,0.00230008,0.00690023,0.00230008
19,72.741,3.19403,5.99184,0.50351,0,0,0,0,0,0,0,0,0,3.67272,6.17617,0.24865,0.00612181,0.0020406,0.00612181,0.0020406,0.00612181,0.0020406,0.00612181,0.0020406
20,77.787,2.8811,5.9697,0.3533,0,0,0,0,0,0,0,0,0,3.67652,6.17726,0.24851,0.00536946,0.00178982,0.00536946,0.00178982,0.00536946,0.00178982,0.00536946,0.00178982
21,83.3881,3.38576,5.88312,0.50231,0,0,0,0,0,0,0,0,0,3.67941,6.17732,0.24834,0.00465143,0.00155048,0.00465143,0.00155048,0.00465143,0.00155048,0.00465143,0.00155048
22,88.726,2.81373,6.46672,0.31443,0,0,0,0,0,0,0,0,0,3.68243,6.17652,0.24818,0.00397556,0.00132519,0.00397556,0.00132519,0.00397556,0.00132519,0.00397556,0.00132519
23,93.9145,2.99811,6.38434,0.34789,0,0,0,0,0,0,0,0,0,3.68534,6.17528,0.248,0.00334928,0.00111643,0.00334928,0.00111643,0.00334928,0.00111643,0.00334928,0.00111643
24,99.2097,2.47083,6.03566,0.44383,0,0,0,0,0,0,0,0,0,3.68839,6.17529,0.24784,0.00277944,0.00092648,0.00277944,0.00092648,0.00277944,0.00092648,0.00277944,0.00092648
25,104.597,2.90072,6.2148,0.46105,0,0,0,0,0,0,0,0,0,3.69146,6.17508,0.24769,0.00227229,0.000757429,0.00227229,0.000757429,0.00227229,0.000757429,0.00227229,0.000757429
26,110.34,2.84512,6.2315,0.33849,0,0,0,0,0,0,0,0,0,3.69453,6.17504,0.24754,0.00183338,0.000611126,0.00183338,0.000611126,0.00183338,0.000611126,0.00183338,0.000611126
27,114.204,2.812,6.12966,0.41829,0,0,0,0,0,0,0,0,0,3.69705,6.17442,0.24736,0.00146752,0.000489173,0.00146752,0.000489173,0.00146752,0.000489173,0.00146752,0.000489173
28,117.565,2.62383,6.06441,0.37219,0,0,0,0,0,0,0,0,0,3.6998,6.17433,0.24719,0.00117872,0.000392906,0.00117872,0.000392906,0.00117872,0.000392906,0.00117872,0.000392906
29,120.859,3.18534,5.97457,0.36457,0,0,0,0,0,0,0,0,0,3.70271,6.17365,0.24703,0.000970143,0.000323381,0.000970143,0.000323381,0.000970143,0.000323381,0.000970143,0.000323381
30,124.719,3.17846,5.87085,0.39274,0,0,0,0,0,0,0,0,0,3.70486,6.17277,0.24684,0.000844076,0.000281359,0.000844076,0.000281359,0.000844076,0.000281359,0.000844076,0.000281359
